[
  {
    "id": 85000000000,
    "name": "(OCR failed\u2014enter)",
    "team": "UNK",
    "pos": "",
    "gp": 1,
    "mins": 0,
    "pts": 0,
    "reb": 0,
    "ast": 0,
    "stl": 0,
    "blk": 0,
    "tov": 0,
    "fgm": 0,
    "fga": 0,
    "tpm": 0,
    "tpa": 0,
    "ftm": 0,
    "fta": 0,
    "pf": 0,
    "plusminus": 0
  },
  {
    "id": 2,
    "name": "ah",
    "team": "FEN",
    "pos": "",
    "gp": 1,
    "mins": 0,
    "pts": 24,
    "reb": 1,
    "ast": 8,
    "stl": 8,
    "blk": 0,
    "tov": 1,
    "fgm": 9,
    "fga": 14,
    "tpm": 9,
    "tpa": 14,
    "ftm": 0,
    "fta": 0,
    "pf": 0,
    "plusminus": 0
  },
  {
    "id": 3,
    "name": "CanBoym",
    "team": "FEN",
    "pos": "",
    "gp": 1,
    "mins": 0,
    "pts": 26,
    "reb": 0,
    "ast": 7,
    "stl": 0,
    "blk": 0,
    "tov": 3,
    "fgm": 10,
    "fga": 13,
    "tpm": 10,
    "tpa": 13,
    "ftm": 0,
    "fta": 0,
    "pf": 0,
    "plusminus": 0
  },
  {
    "id": 4,
    "name": ">LOVEBattleDeaD",
    "team": "FEN",
    "pos": "",
    "gp": 1,
    "mins": 0,
    "pts": 6,
    "reb": 4,
    "ast": 2,
    "stl": 2,
    "blk": 1,
    "tov": 2,
    "fgm": 2,
    "fga": 4,
    "tpm": 2,
    "tpa": 3,
    "ftm": 0,
    "fta": 0,
    "pf": 0,
    "plusminus": 0
  },
  {
    "id": 5,
    "name": "Unknown",
    "team": "FEN",
    "pos": "",
    "gp": 1,
    "mins": 0,
    "pts": 3,
    "reb": 3,
    "ast": 2,
    "stl": 0,
    "blk": 2,
    "tov": 2,
    "fgm": 1,
    "fga": 2,
    "tpm": 1,
    "tpa": 2,
    "ftm": 0,
    "fta": 0,
    "pf": 0,
    "plusminus": 0
  },
  {
    "id": 6,
    "name": "KadoTheProblem_",
    "team": "FEN",
    "pos": "",
    "gp": 1,
    "mins": 0,
    "pts": 16,
    "reb": 6,
    "ast": 6,
    "stl": 1,
    "blk": 1,
    "tov": 2,
    "fgm": 8,
    "fga": 8,
    "tpm": 8,
    "tpa": 8,
    "ftm": 0,
    "fta": 0,
    "pf": 0,
    "plusminus": 0
  },
  {
    "id": 7,
    "name": "PTCreative",
    "team": "OPP",
    "pos": "",
    "gp": 1,
    "mins": 0,
    "pts": 0,
    "reb": 0,
    "ast": 0,
    "stl": 0,
    "blk": 0,
    "tov": 0,
    "fgm": 19,
    "fga": 11,
    "tpm": 19,
    "tpa": 11,
    "ftm": 0,
    "fta": 0,
    "pf": 0,
    "plusminus": 0
  },
  {
    "id": 8,
    "name": "Unknown",
    "team": "OPP",
    "pos": "",
    "gp": 3,
    "mins": 0,
    "pts": 25,
    "reb": 27,
    "ast": 9,
    "stl": 10,
    "blk": 10,
    "tov": 10,
    "fgm": 15,
    "fga": 15,
    "tpm": 14,
    "tpa": 13,
    "ftm": 0,
    "fta": 0,
    "pf": 0,
    "plusminus": 0
  },
  {
    "id": 9,
    "name": "\u00bbv-choper",
    "team": "OPP",
    "pos": "",
    "gp": 1,
    "mins": 0,
    "pts": 1,
    "reb": 1,
    "ast": 1,
    "stl": 1,
    "blk": 1,
    "tov": 1,
    "fgm": 4,
    "fga": 5,
    "tpm": 4,
    "tpa": 5,
    "ftm": 0,
    "fta": 0,
    "pf": 0,
    "plusminus": 0
  }
]